{
  "base": {
    "n_parsed": 440,
    "nlayers": 28,
    "mid_layer": 14,
    "chance": 0.25,
    "self_consistency_acc": 0.6659090909090909,
    "layer_acc": [
      0.25,
      0.2147349453615438,
      0.269495466170658,
      0.2038653801441525,
      0.22659265287142527,
      0.19357126249709372,
      0.1810712624970937,
      0.22144559404789582,
      0.24031039293187628,
      0.26876017205301095,
      0.2783858405022088,
      0.2467681934433853,
      0.2595878865380144,
      0.27112590095326666,
      0.2614740757963265,
      0.29890723087654036,
      0.29791908858405025,
      0.5049407114624506,
      0.5434288537549407,
      0.6262903975819577,
      0.6349540804464078,
      0.7196756568239944,
      0.7939665194140898,
      0.8733143455010463,
      0.8659614043245756,
      0.862444780283655,
      0.862444780283655,
      0.8681672866775169,
      0.8489566379911649
    ],
    "best_layer": 23,
    "prompt_probe_best": {
      "acc": 0.8733143455010463,
      "chance": 0.25,
      "n": 440,
      "n_test": 88,
      "nclasses": 4
    },
    "timeline_fracs": [
      0.0,
      0.25,
      0.5,
      0.75,
      1.0
    ],
    "timeline_acc": [
      0.2614740757963265,
      0.7151302022785397,
      0.5406504301325273,
      0.6910660311555452,
      0.8248517786561265
    ],
    "correctness_probe": {
      "acc": 0.6566335476329632,
      "chance": 0.5,
      "n": 440,
      "n_test": 88,
      "nclasses": 2
    }
  },
  "instruct": {
    "n_parsed": 431,
    "nlayers": 28,
    "mid_layer": 14,
    "chance": 0.25,
    "self_consistency_acc": 0.679814385150812,
    "layer_acc": [
      0.25,
      0.21450310559006208,
      0.1668046928916494,
      0.22269151138716353,
      0.1965734989648033,
      0.25426501035196686,
      0.2451345755693582,
      0.22633540372670807,
      0.16681849551414768,
      0.2633954451345756,
      0.2594271911663216,
      0.169824016563147,
      0.2851345755693582,
      0.29092822636300897,
      0.2659247757073844,
      0.26918219461697723,
      0.248391994478951,
      0.31671497584541064,
      0.4112353347135956,
      0.43995514147688064,
      0.416231884057971,
      0.6215320910973084,
      0.6710489993098689,
      0.6699344375431332,
      0.6760455486542444,
      0.7119185645272601,
      0.6612870945479642,
      0.634623878536922,
      0.6107349896480331
    ],
    "best_layer": 25,
    "prompt_probe_best": {
      "acc": 0.7119185645272601,
      "chance": 0.25,
      "n": 431,
      "n_test": 87,
      "nclasses": 4
    },
    "timeline_fracs": [
      0.0,
      0.25,
      0.5,
      0.75,
      1.0
    ],
    "timeline_acc": [
      0.2659247757073844,
      0.3029192546583851,
      0.35353692201518283,
      0.8084230503795721,
      0.8681055900621117
    ],
    "correctness_probe": {
      "acc": 0.6144067796610169,
      "chance": 0.5,
      "n": 431,
      "n_test": 87,
      "nclasses": 2
    }
  },
  "rl": {
    "n_parsed": 421,
    "nlayers": 28,
    "mid_layer": 14,
    "chance": 0.25,
    "self_consistency_acc": 0.39429928741092635,
    "layer_acc": [
      0.25,
      0.2485720787347821,
      0.27246558197747184,
      0.26452952554329273,
      0.2301427921265218,
      0.2778700648537945,
      0.2051427921265218,
      0.22752588462851292,
      0.2787774490840824,
      0.26973489589259303,
      0.3018489020366367,
      0.279121629309364,
      0.3018489020366367,
      0.2752531573557856,
      0.24845830014791218,
      0.27661850039822505,
      0.31655478438957785,
      0.29789509614290594,
      0.3312606667425191,
      0.3309164865172375,
      0.28671350551826147,
      0.27380248037319377,
      0.2657810899988622,
      0.2657810899988622,
      0.23773466833541929,
      0.21896120150187737,
      0.21896120150187737,
      0.24430538172715893,
      0.23898623279098874
    ],
    "best_layer": 18,
    "prompt_probe_best": {
      "acc": 0.3312606667425191,
      "chance": 0.25,
      "n": 421,
      "n_test": 85,
      "nclasses": 4
    },
    "timeline_fracs": [
      0.0,
      0.25,
      0.5,
      0.75,
      1.0
    ],
    "timeline_acc": [
      0.24845830014791218,
      0.38106155421549665,
      0.27406132665832295,
      0.246444419160314,
      0.38623563545340767
    ],
    "correctness_probe": {
      "acc": 0.4803921568627451,
      "chance": 0.5,
      "n": 421,
      "n_test": 85,
      "nclasses": 2
    }
  }
}