{
  "exp1_arc": {
    "dataset": "arc",
    "models": {
      "base": {
        "turn1_acc": 0.65,
        "turn1_parse_fail": 0.0,
        "challenge": {
          "n": 181,
          "change_rate": 0.425414364640884,
          "change_ci": [
            0.35359116022099446,
            0.4972375690607735
          ],
          "flip_i2c": 0.143646408839779,
          "flip_c2i": 0.22099447513812154,
          "unique_ratio": 1.425414364640884
        },
        "generic": {
          "n": 200,
          "change_rate": 0.17,
          "change_ci": [
            0.12,
            0.22
          ],
          "flip_i2c": 0.055,
          "flip_c2i": 0.035,
          "unique_ratio": 1.17
        },
        "hint": {
          "n": 200,
          "change_rate": 0.02,
          "change_ci": [
            0.005,
            0.04
          ],
          "flip_i2c": 0.015,
          "flip_c2i": 0.0,
          "unique_ratio": 1.02
        }
      },
      "instruct": {
        "turn1_acc": 0.7171717171717171,
        "turn1_parse_fail": 0.01,
        "challenge": {
          "n": 195,
          "change_rate": 0.5641025641025641,
          "change_ci": [
            0.49230769230769234,
            0.6358974358974359
          ],
          "flip_i2c": 0.10256410256410256,
          "flip_c2i": 0.37948717948717947,
          "unique_ratio": 1.564102564102564
        },
        "generic": {
          "n": 196,
          "change_rate": 0.5153061224489796,
          "change_ci": [
            0.44387755102040816,
            0.5867346938775511
          ],
          "flip_i2c": 0.11224489795918367,
          "flip_c2i": 0.32653061224489793,
          "unique_ratio": 1.5153061224489797
        },
        "hint": {
          "n": 187,
          "change_rate": 0.46524064171123,
          "change_ci": [
            0.39572192513368987,
            0.5401069518716578
          ],
          "flip_i2c": 0.24598930481283424,
          "flip_c2i": 0.20320855614973263,
          "unique_ratio": 1.46524064171123
        }
      },
      "rl": {
        "turn1_acc": 0.36507936507936506,
        "turn1_parse_fail": 0.055,
        "challenge": {
          "n": 178,
          "change_rate": 0.42696629213483145,
          "change_ci": [
            0.3539325842696629,
            0.5
          ],
          "flip_i2c": 0.19662921348314608,
          "flip_c2i": 0.0898876404494382,
          "unique_ratio": 1.4269662921348314
        },
        "generic": {
          "n": 180,
          "change_rate": 0.4722222222222222,
          "change_ci": [
            0.4,
            0.5444444444444444
          ],
          "flip_i2c": 0.2388888888888889,
          "flip_c2i": 0.10555555555555556,
          "unique_ratio": 1.4722222222222223
        },
        "hint": {
          "n": 174,
          "change_rate": 0.45977011494252873,
          "change_ci": [
            0.3850574712643678,
            0.5344827586206896
          ],
          "flip_i2c": 0.3045977011494253,
          "flip_c2i": 0.08045977011494253,
          "unique_ratio": 1.4597701149425288
        }
      }
    },
    "tests": {
      "challenge": {
        "base_change": 0.425414364640884,
        "instruct_change": 0.5641025641025641,
        "rl_change": 0.42696629213483145,
        "p_base_vs_rl": 1.0,
        "p_base_vs_instruct": 0.007492065139211369
      },
      "generic": {
        "base_change": 0.17,
        "instruct_change": 0.5153061224489796,
        "rl_change": 0.4722222222222222,
        "p_base_vs_rl": 3.076613734262592e-10,
        "p_base_vs_instruct": 2.6445557961854e-13
      },
      "hint": {
        "base_change": 0.02,
        "instruct_change": 0.46524064171123,
        "rl_change": 0.45977011494252873,
        "p_base_vs_rl": 3.7813128550197276e-27,
        "p_base_vs_instruct": 4.306619491302502e-28
      }
    }
  },
  "exp1_gsm8k": {
    "dataset": "gsm8k",
    "models": {
      "base": {
        "turn1_acc": 0.2222222222222222,
        "turn1_parse_fail": 0.04,
        "challenge": {
          "n": 143,
          "change_rate": 0.13286713286713286,
          "change_ci": [
            0.07692307692307693,
            0.1888111888111888
          ],
          "flip_i2c": 0.04895104895104895,
          "flip_c2i": 0.013986013986013986,
          "unique_ratio": 1.132867132867133
        },
        "generic": {
          "n": 144,
          "change_rate": 0.1527777777777778,
          "change_ci": [
            0.09722222222222222,
            0.2152777777777778
          ],
          "flip_i2c": 0.013888888888888888,
          "flip_c2i": 0.027777777777777776,
          "unique_ratio": 1.1527777777777777
        },
        "hint": {
          "n": 144,
          "change_rate": 0.08333333333333333,
          "change_ci": [
            0.041666666666666664,
            0.13194444444444445
          ],
          "flip_i2c": 0.034722222222222224,
          "flip_c2i": 0.006944444444444444,
          "unique_ratio": 1.0833333333333333
        }
      },
      "instruct": {
        "turn1_acc": 0.6666666666666666,
        "turn1_parse_fail": 0.0,
        "challenge": {
          "n": 150,
          "change_rate": 0.18,
          "change_ci": [
            0.12,
            0.24666666666666667
          ],
          "flip_i2c": 0.02666666666666667,
          "flip_c2i": 0.03333333333333333,
          "unique_ratio": 1.18
        },
        "generic": {
          "n": 150,
          "change_rate": 0.16,
          "change_ci": [
            0.10666666666666667,
            0.22
          ],
          "flip_i2c": 0.04,
          "flip_c2i": 0.03333333333333333,
          "unique_ratio": 1.16
        },
        "hint": {
          "n": 150,
          "change_rate": 0.06666666666666667,
          "change_ci": [
            0.03333333333333333,
            0.10666666666666667
          ],
          "flip_i2c": 0.02,
          "flip_c2i": 0.006666666666666667,
          "unique_ratio": 1.0666666666666667
        }
      },
      "rl": {
        "turn1_acc": 0.7666666666666667,
        "turn1_parse_fail": 0.0,
        "challenge": {
          "n": 150,
          "change_rate": 0.5066666666666667,
          "change_ci": [
            0.4266666666666667,
            0.5866666666666667
          ],
          "flip_i2c": 0.04,
          "flip_c2i": 0.35333333333333333,
          "unique_ratio": 1.5066666666666666
        },
        "generic": {
          "n": 150,
          "change_rate": 0.5733333333333334,
          "change_ci": [
            0.49333333333333335,
            0.6533333333333333
          ],
          "flip_i2c": 0.04666666666666667,
          "flip_c2i": 0.3933333333333333,
          "unique_ratio": 1.5733333333333333
        },
        "hint": {
          "n": 150,
          "change_rate": 0.56,
          "change_ci": [
            0.48,
            0.64
          ],
          "flip_i2c": 0.02666666666666667,
          "flip_c2i": 0.38666666666666666,
          "unique_ratio": 1.56
        }
      }
    },
    "tests": {
      "challenge": {
        "base_change": 0.13286713286713286,
        "instruct_change": 0.18,
        "rl_change": 0.5066666666666667,
        "p_base_vs_rl": 5.51389122163972e-12,
        "p_base_vs_instruct": 0.3352952937811102
      },
      "generic": {
        "base_change": 0.1527777777777778,
        "instruct_change": 0.16,
        "rl_change": 0.5733333333333334,
        "p_base_vs_rl": 4.528284896921307e-14,
        "p_base_vs_instruct": 0.8740541794921122
      },
      "hint": {
        "base_change": 0.08333333333333333,
        "instruct_change": 0.06666666666666667,
        "rl_change": 0.56,
        "p_base_vs_rl": 1.8118445436438518e-19,
        "p_base_vs_instruct": 0.6605724094764537
      }
    }
  },
  "exp2": {
    "base": {
      "n_parsed": 440,
      "nlayers": 28,
      "mid_layer": 14,
      "chance": 0.25,
      "self_consistency_acc": 0.6659090909090909,
      "best_layer": 23,